timestamp,model,task,q,k,v,gate,up,method_name,cpr
2026-05-07 09:17:17,gpt2,ioi,0.0,1.0,1.0,1.0,1.0,eap_frnorm_q0.0_k1.0_v1.0_g1.0_u1.0,0.2955
2026-05-07 09:18:01,gpt2,ioi,1.0,0.0,1.0,1.0,1.0,eap_frnorm_q1.0_k0.0_v1.0_g1.0_u1.0,2.3868
2026-05-07 09:18:44,gpt2,ioi,1.0,1.0,0.0,1.0,1.0,eap_frnorm_q1.0_k1.0_v0.0_g1.0_u1.0,0.2426
2026-05-07 09:19:28,gpt2,ioi,1.0,1.0,1.0,0.0,1.0,eap_frnorm_q1.0_k1.0_v1.0_g0.0_u1.0,2.3101
2026-05-07 09:20:11,gpt2,ioi,1.0,1.0,1.0,1.0,0.0,eap_frnorm_q1.0_k1.0_v1.0_g1.0_u0.0,2.3156
2026-05-07 09:20:54,gpt2,ioi,0.05,1.0,1.0,1.0,1.0,eap_frnorm_q0.05_k1.0_v1.0_g1.0_u1.0,0.2856
2026-05-07 09:21:38,gpt2,ioi,1.0,0.05,1.0,1.0,1.0,eap_frnorm_q1.0_k0.05_v1.0_g1.0_u1.0,2.3744
2026-05-07 09:22:22,gpt2,ioi,1.0,1.0,0.05,1.0,1.0,eap_frnorm_q1.0_k1.0_v0.05_g1.0_u1.0,0.2595
2026-05-07 09:23:05,gpt2,ioi,1.0,1.0,1.0,0.05,1.0,eap_frnorm_q1.0_k1.0_v1.0_g0.05_u1.0,2.3101
2026-05-07 09:23:48,gpt2,ioi,1.0,1.0,1.0,1.0,0.05,eap_frnorm_q1.0_k1.0_v1.0_g1.0_u0.05,2.3349
2026-05-07 09:24:31,gpt2,ioi,0.1,1.0,1.0,1.0,1.0,eap_frnorm_q0.1_k1.0_v1.0_g1.0_u1.0,0.2975
2026-05-07 09:25:15,gpt2,ioi,1.0,0.1,1.0,1.0,1.0,eap_frnorm_q1.0_k0.1_v1.0_g1.0_u1.0,2.3555
2026-05-07 09:25:59,gpt2,ioi,1.0,1.0,0.1,1.0,1.0,eap_frnorm_q1.0_k1.0_v0.1_g1.0_u1.0,0.2827
2026-05-07 09:26:43,gpt2,ioi,1.0,1.0,1.0,0.1,1.0,eap_frnorm_q1.0_k1.0_v1.0_g0.1_u1.0,2.3101
2026-05-07 09:27:26,gpt2,ioi,1.0,1.0,1.0,1.0,0.1,eap_frnorm_q1.0_k1.0_v1.0_g1.0_u0.1,2.3233
2026-05-07 09:28:10,gpt2,ioi,0.2,1.0,1.0,1.0,1.0,eap_frnorm_q0.2_k1.0_v1.0_g1.0_u1.0,0.2788
2026-05-07 09:28:54,gpt2,ioi,1.0,0.2,1.0,1.0,1.0,eap_frnorm_q1.0_k0.2_v1.0_g1.0_u1.0,2.3508
2026-05-07 09:29:38,gpt2,ioi,1.0,1.0,0.2,1.0,1.0,eap_frnorm_q1.0_k1.0_v0.2_g1.0_u1.0,0.2801
2026-05-07 09:30:21,gpt2,ioi,1.0,1.0,1.0,0.2,1.0,eap_frnorm_q1.0_k1.0_v1.0_g0.2_u1.0,2.3101
2026-05-07 09:31:05,gpt2,ioi,1.0,1.0,1.0,1.0,0.2,eap_frnorm_q1.0_k1.0_v1.0_g1.0_u0.2,2.3253
2026-05-07 09:31:48,gpt2,ioi,0.5,1.0,1.0,1.0,1.0,eap_frnorm_q0.5_k1.0_v1.0_g1.0_u1.0,2.2827
2026-05-07 09:32:32,gpt2,ioi,1.0,0.5,1.0,1.0,1.0,eap_frnorm_q1.0_k0.5_v1.0_g1.0_u1.0,2.3265
2026-05-07 09:33:16,gpt2,ioi,1.0,1.0,0.5,1.0,1.0,eap_frnorm_q1.0_k1.0_v0.5_g1.0_u1.0,1.3645
2026-05-07 09:34:00,gpt2,ioi,1.0,1.0,1.0,0.5,1.0,eap_frnorm_q1.0_k1.0_v1.0_g0.5_u1.0,2.3101
2026-05-07 09:34:44,gpt2,ioi,1.0,1.0,1.0,1.0,0.5,eap_frnorm_q1.0_k1.0_v1.0_g1.0_u0.5,2.4056
2026-05-07 09:35:28,gpt2,ioi,1.0,1.0,1.0,1.0,1.0,eap_frnorm_q1.0_k1.0_v1.0_g1.0_u1.0,2.3101
2026-05-07 09:36:11,gpt2,ioi,1.5,1.0,1.0,1.0,1.0,eap_frnorm_q1.5_k1.0_v1.0_g1.0_u1.0,1.5570
2026-05-07 09:36:55,gpt2,ioi,1.0,1.5,1.0,1.0,1.0,eap_frnorm_q1.0_k1.5_v1.0_g1.0_u1.0,2.1115
2026-05-07 09:37:39,gpt2,ioi,1.0,1.0,1.5,1.0,1.0,eap_frnorm_q1.0_k1.0_v1.5_g1.0_u1.0,2.3407
2026-05-07 09:38:24,gpt2,ioi,1.0,1.0,1.0,1.5,1.0,eap_frnorm_q1.0_k1.0_v1.0_g1.5_u1.0,2.3101
2026-05-07 09:39:07,gpt2,ioi,1.0,1.0,1.0,1.0,1.5,eap_frnorm_q1.0_k1.0_v1.0_g1.0_u1.5,1.5754
2026-05-07 09:39:51,gpt2,ioi,3.0,1.0,1.0,1.0,1.0,eap_frnorm_q3.0_k1.0_v1.0_g1.0_u1.0,0.5751
2026-05-07 09:40:35,gpt2,ioi,1.0,3.0,1.0,1.0,1.0,eap_frnorm_q1.0_k3.0_v1.0_g1.0_u1.0,0.3469
2026-05-07 09:41:18,gpt2,ioi,1.0,1.0,3.0,1.0,1.0,eap_frnorm_q1.0_k1.0_v3.0_g1.0_u1.0,2.3101
2026-05-07 09:42:02,gpt2,ioi,1.0,1.0,1.0,3.0,1.0,eap_frnorm_q1.0_k1.0_v1.0_g3.0_u1.0,2.3101
2026-05-07 09:42:45,gpt2,ioi,1.0,1.0,1.0,1.0,3.0,eap_frnorm_q1.0_k1.0_v1.0_g1.0_u3.0,1.2158
2026-05-07 09:44:04,qwen2.5,ioi,0.0,1.0,1.0,1.0,1.0,eap_frnorm_q0.0_k1.0_v1.0_g1.0_u1.0,0.9040
2026-05-07 09:45:21,qwen2.5,ioi,1.0,0.0,1.0,1.0,1.0,eap_frnorm_q1.0_k0.0_v1.0_g1.0_u1.0,1.6740
2026-05-07 09:46:37,qwen2.5,ioi,1.0,1.0,0.0,1.0,1.0,eap_frnorm_q1.0_k1.0_v0.0_g1.0_u1.0,0.3451
2026-05-07 09:47:54,qwen2.5,ioi,1.0,1.0,1.0,0.0,1.0,eap_frnorm_q1.0_k1.0_v1.0_g0.0_u1.0,1.6427
2026-05-07 09:49:12,qwen2.5,ioi,1.0,1.0,1.0,1.0,0.0,eap_frnorm_q1.0_k1.0_v1.0_g1.0_u0.0,1.2175
2026-05-07 09:50:29,qwen2.5,ioi,0.05,1.0,1.0,1.0,1.0,eap_frnorm_q0.05_k1.0_v1.0_g1.0_u1.0,1.2182
2026-05-07 09:51:47,qwen2.5,ioi,1.0,0.05,1.0,1.0,1.0,eap_frnorm_q1.0_k0.05_v1.0_g1.0_u1.0,1.6935
2026-05-07 09:53:04,qwen2.5,ioi,1.0,1.0,0.05,1.0,1.0,eap_frnorm_q1.0_k1.0_v0.05_g1.0_u1.0,0.3381
2026-05-07 09:54:23,qwen2.5,ioi,1.0,1.0,1.0,0.05,1.0,eap_frnorm_q1.0_k1.0_v1.0_g0.05_u1.0,1.6274
2026-05-07 09:55:41,qwen2.5,ioi,1.0,1.0,1.0,1.0,0.05,eap_frnorm_q1.0_k1.0_v1.0_g1.0_u0.05,1.2352
2026-05-07 09:56:58,qwen2.5,ioi,0.1,1.0,1.0,1.0,1.0,eap_frnorm_q0.1_k1.0_v1.0_g1.0_u1.0,1.3507
2026-05-07 09:58:15,qwen2.5,ioi,1.0,0.1,1.0,1.0,1.0,eap_frnorm_q1.0_k0.1_v1.0_g1.0_u1.0,1.6461
2026-05-07 09:59:31,qwen2.5,ioi,1.0,1.0,0.1,1.0,1.0,eap_frnorm_q1.0_k1.0_v0.1_g1.0_u1.0,0.3160
2026-05-07 10:00:48,qwen2.5,ioi,1.0,1.0,1.0,0.1,1.0,eap_frnorm_q1.0_k1.0_v1.0_g0.1_u1.0,1.6307
2026-05-07 10:02:06,qwen2.5,ioi,1.0,1.0,1.0,1.0,0.1,eap_frnorm_q1.0_k1.0_v1.0_g1.0_u0.1,1.2797
2026-05-07 10:03:24,qwen2.5,ioi,0.2,1.0,1.0,1.0,1.0,eap_frnorm_q0.2_k1.0_v1.0_g1.0_u1.0,1.3145
2026-05-07 10:04:41,qwen2.5,ioi,1.0,0.2,1.0,1.0,1.0,eap_frnorm_q1.0_k0.2_v1.0_g1.0_u1.0,1.6835
2026-05-07 10:05:57,qwen2.5,ioi,1.0,1.0,0.2,1.0,1.0,eap_frnorm_q1.0_k1.0_v0.2_g1.0_u1.0,0.3094
2026-05-07 10:07:15,qwen2.5,ioi,1.0,1.0,1.0,0.2,1.0,eap_frnorm_q1.0_k1.0_v1.0_g0.2_u1.0,1.6127
2026-05-07 10:08:33,qwen2.5,ioi,1.0,1.0,1.0,1.0,0.2,eap_frnorm_q1.0_k1.0_v1.0_g1.0_u0.2,1.5676
2026-05-07 10:09:50,qwen2.5,ioi,0.5,1.0,1.0,1.0,1.0,eap_frnorm_q0.5_k1.0_v1.0_g1.0_u1.0,1.4659
2026-05-07 10:11:08,qwen2.5,ioi,1.0,0.5,1.0,1.0,1.0,eap_frnorm_q1.0_k0.5_v1.0_g1.0_u1.0,1.6171
2026-05-07 10:12:25,qwen2.5,ioi,1.0,1.0,0.5,1.0,1.0,eap_frnorm_q1.0_k1.0_v0.5_g1.0_u1.0,1.2932
2026-05-07 10:13:42,qwen2.5,ioi,1.0,1.0,1.0,0.5,1.0,eap_frnorm_q1.0_k1.0_v1.0_g0.5_u1.0,1.5649
2026-05-07 10:15:00,qwen2.5,ioi,1.0,1.0,1.0,1.0,0.5,eap_frnorm_q1.0_k1.0_v1.0_g1.0_u0.5,1.4916
2026-05-07 10:16:18,qwen2.5,ioi,1.0,1.0,1.0,1.0,1.0,eap_frnorm_q1.0_k1.0_v1.0_g1.0_u1.0,1.3762
2026-05-07 10:17:35,qwen2.5,ioi,1.5,1.0,1.0,1.0,1.0,eap_frnorm_q1.5_k1.0_v1.0_g1.0_u1.0,1.2673
2026-05-07 10:18:53,qwen2.5,ioi,1.0,1.5,1.0,1.0,1.0,eap_frnorm_q1.0_k1.5_v1.0_g1.0_u1.0,1.3475
2026-05-07 10:20:09,qwen2.5,ioi,1.0,1.0,1.5,1.0,1.0,eap_frnorm_q1.0_k1.0_v1.5_g1.0_u1.0,1.5134
2026-05-07 10:21:28,qwen2.5,ioi,1.0,1.0,1.0,1.5,1.0,eap_frnorm_q1.0_k1.0_v1.0_g1.5_u1.0,1.2480
2026-05-07 10:22:45,qwen2.5,ioi,1.0,1.0,1.0,1.0,1.5,eap_frnorm_q1.0_k1.0_v1.0_g1.0_u1.5,1.2778
2026-05-07 10:24:13,qwen2.5,ioi,3.0,1.0,1.0,1.0,1.0,eap_frnorm_q3.0_k1.0_v1.0_g1.0_u1.0,0.2887
2026-05-07 10:25:40,qwen2.5,ioi,1.0,3.0,1.0,1.0,1.0,eap_frnorm_q1.0_k3.0_v1.0_g1.0_u1.0,0.3396
2026-05-07 10:26:58,qwen2.5,ioi,1.0,1.0,3.0,1.0,1.0,eap_frnorm_q1.0_k1.0_v3.0_g1.0_u1.0,1.6045
2026-05-07 10:28:33,qwen2.5,ioi,1.0,1.0,1.0,3.0,1.0,eap_frnorm_q1.0_k1.0_v1.0_g3.0_u1.0,0.2990
2026-05-07 10:30:05,qwen2.5,ioi,1.0,1.0,1.0,1.0,3.0,eap_frnorm_q1.0_k1.0_v1.0_g1.0_u3.0,0.2650
2026-05-07 10:31:02,qwen2.5,mcqa,0.0,1.0,1.0,1.0,1.0,eap_frnorm_q0.0_k1.0_v1.0_g1.0_u1.0,1.0375
2026-05-07 10:32:00,qwen2.5,mcqa,1.0,0.0,1.0,1.0,1.0,eap_frnorm_q1.0_k0.0_v1.0_g1.0_u1.0,1.0872
2026-05-07 10:32:57,qwen2.5,mcqa,1.0,1.0,0.0,1.0,1.0,eap_frnorm_q1.0_k1.0_v0.0_g1.0_u1.0,1.0889
2026-05-07 10:33:54,qwen2.5,mcqa,1.0,1.0,1.0,0.0,1.0,eap_frnorm_q1.0_k1.0_v1.0_g0.0_u1.0,1.2742
2026-05-07 10:34:51,qwen2.5,mcqa,1.0,1.0,1.0,1.0,0.0,eap_frnorm_q1.0_k1.0_v1.0_g1.0_u0.0,1.1471
2026-05-07 10:35:47,qwen2.5,mcqa,0.05,1.0,1.0,1.0,1.0,eap_frnorm_q0.05_k1.0_v1.0_g1.0_u1.0,1.0300
2026-05-07 10:36:44,qwen2.5,mcqa,1.0,0.05,1.0,1.0,1.0,eap_frnorm_q1.0_k0.05_v1.0_g1.0_u1.0,1.0697
2026-05-07 10:37:40,qwen2.5,mcqa,1.0,1.0,0.05,1.0,1.0,eap_frnorm_q1.0_k1.0_v0.05_g1.0_u1.0,1.0556
2026-05-07 10:38:38,qwen2.5,mcqa,1.0,1.0,1.0,0.05,1.0,eap_frnorm_q1.0_k1.0_v1.0_g0.05_u1.0,1.2642
2026-05-07 10:39:34,qwen2.5,mcqa,1.0,1.0,1.0,1.0,0.05,eap_frnorm_q1.0_k1.0_v1.0_g1.0_u0.05,1.1672
2026-05-07 10:40:38,qwen2.5,mcqa,0.1,1.0,1.0,1.0,1.0,eap_frnorm_q0.1_k1.0_v1.0_g1.0_u1.0,1.0006
2026-05-07 10:41:41,qwen2.5,mcqa,1.0,0.1,1.0,1.0,1.0,eap_frnorm_q1.0_k0.1_v1.0_g1.0_u1.0,1.1103
2026-05-07 10:42:38,qwen2.5,mcqa,1.0,1.0,0.1,1.0,1.0,eap_frnorm_q1.0_k1.0_v0.1_g1.0_u1.0,1.2612
2026-05-07 10:43:35,qwen2.5,mcqa,1.0,1.0,1.0,0.1,1.0,eap_frnorm_q1.0_k1.0_v1.0_g0.1_u1.0,1.3758
2026-05-07 10:44:32,qwen2.5,mcqa,1.0,1.0,1.0,1.0,0.1,eap_frnorm_q1.0_k1.0_v1.0_g1.0_u0.1,1.1920
2026-05-07 10:45:35,qwen2.5,mcqa,0.2,1.0,1.0,1.0,1.0,eap_frnorm_q0.2_k1.0_v1.0_g1.0_u1.0,1.0289
2026-05-07 10:46:33,qwen2.5,mcqa,1.0,0.2,1.0,1.0,1.0,eap_frnorm_q1.0_k0.2_v1.0_g1.0_u1.0,1.1325
2026-05-07 10:47:30,qwen2.5,mcqa,1.0,1.0,0.2,1.0,1.0,eap_frnorm_q1.0_k1.0_v0.2_g1.0_u1.0,1.4837
2026-05-07 10:48:28,qwen2.5,mcqa,1.0,1.0,1.0,0.2,1.0,eap_frnorm_q1.0_k1.0_v1.0_g0.2_u1.0,1.5249
2026-05-07 10:49:25,qwen2.5,mcqa,1.0,1.0,1.0,1.0,0.2,eap_frnorm_q1.0_k1.0_v1.0_g1.0_u0.2,1.1168
2026-05-07 10:50:21,qwen2.5,mcqa,0.5,1.0,1.0,1.0,1.0,eap_frnorm_q0.5_k1.0_v1.0_g1.0_u1.0,1.1251
2026-05-07 10:51:19,qwen2.5,mcqa,1.0,0.5,1.0,1.0,1.0,eap_frnorm_q1.0_k0.5_v1.0_g1.0_u1.0,1.1933
2026-05-07 10:52:16,qwen2.5,mcqa,1.0,1.0,0.5,1.0,1.0,eap_frnorm_q1.0_k1.0_v0.5_g1.0_u1.0,1.1292
2026-05-07 10:53:13,qwen2.5,mcqa,1.0,1.0,1.0,0.5,1.0,eap_frnorm_q1.0_k1.0_v1.0_g0.5_u1.0,1.0847
2026-05-07 10:54:10,qwen2.5,mcqa,1.0,1.0,1.0,1.0,0.5,eap_frnorm_q1.0_k1.0_v1.0_g1.0_u0.5,0.9846
2026-05-07 10:55:08,qwen2.5,mcqa,1.0,1.0,1.0,1.0,1.0,eap_frnorm_q1.0_k1.0_v1.0_g1.0_u1.0,1.0853
2026-05-07 10:56:05,qwen2.5,mcqa,1.5,1.0,1.0,1.0,1.0,eap_frnorm_q1.5_k1.0_v1.0_g1.0_u1.0,1.2301
2026-05-07 10:57:02,qwen2.5,mcqa,1.0,1.5,1.0,1.0,1.0,eap_frnorm_q1.0_k1.5_v1.0_g1.0_u1.0,1.1124
2026-05-07 10:57:59,qwen2.5,mcqa,1.0,1.0,1.5,1.0,1.0,eap_frnorm_q1.0_k1.0_v1.5_g1.0_u1.0,0.9826
2026-05-07 10:58:56,qwen2.5,mcqa,1.0,1.0,1.0,1.5,1.0,eap_frnorm_q1.0_k1.0_v1.0_g1.5_u1.0,1.0312
2026-05-07 10:59:53,qwen2.5,mcqa,1.0,1.0,1.0,1.0,1.5,eap_frnorm_q1.0_k1.0_v1.0_g1.0_u1.5,0.8494
2026-05-07 11:00:50,qwen2.5,mcqa,3.0,1.0,1.0,1.0,1.0,eap_frnorm_q3.0_k1.0_v1.0_g1.0_u1.0,0.8098
2026-05-07 11:01:46,qwen2.5,mcqa,1.0,3.0,1.0,1.0,1.0,eap_frnorm_q1.0_k3.0_v1.0_g1.0_u1.0,1.0768
2026-05-07 11:02:42,qwen2.5,mcqa,1.0,1.0,3.0,1.0,1.0,eap_frnorm_q1.0_k1.0_v3.0_g1.0_u1.0,0.2122
2026-05-07 11:03:38,qwen2.5,mcqa,1.0,1.0,1.0,3.0,1.0,eap_frnorm_q1.0_k1.0_v1.0_g3.0_u1.0,0.6899
2026-05-07 11:04:33,qwen2.5,mcqa,1.0,1.0,1.0,1.0,3.0,eap_frnorm_q1.0_k1.0_v1.0_g1.0_u3.0,0.5728
2026-05-07 11:12:04,gemma2,ioi,0.0,1.0,1.0,1.0,1.0,eap_frnorm_q0.0_k1.0_v1.0_g1.0_u1.0,1.9538
2026-05-07 11:19:20,gemma2,ioi,1.0,0.0,1.0,1.0,1.0,eap_frnorm_q1.0_k0.0_v1.0_g1.0_u1.0,2.2938
2026-05-07 11:26:42,gemma2,ioi,1.0,1.0,0.0,1.0,1.0,eap_frnorm_q1.0_k1.0_v0.0_g1.0_u1.0,0.9247
2026-05-07 11:34:07,gemma2,ioi,1.0,1.0,1.0,0.0,1.0,eap_frnorm_q1.0_k1.0_v1.0_g0.0_u1.0,2.5081
2026-05-07 11:41:45,gemma2,ioi,1.0,1.0,1.0,1.0,0.0,eap_frnorm_q1.0_k1.0_v1.0_g1.0_u0.0,2.2496
2026-05-07 11:51:06,gemma2,ioi,0.05,1.0,1.0,1.0,1.0,eap_frnorm_q0.05_k1.0_v1.0_g1.0_u1.0,2.0609
2026-05-07 11:58:18,gemma2,ioi,1.0,0.05,1.0,1.0,1.0,eap_frnorm_q1.0_k0.05_v1.0_g1.0_u1.0,2.2366
2026-05-07 12:05:40,gemma2,ioi,1.0,1.0,0.05,1.0,1.0,eap_frnorm_q1.0_k1.0_v0.05_g1.0_u1.0,0.9386
2026-05-07 12:13:05,gemma2,ioi,1.0,1.0,1.0,0.05,1.0,eap_frnorm_q1.0_k1.0_v1.0_g0.05_u1.0,2.5166
2026-05-07 12:20:44,gemma2,ioi,1.0,1.0,1.0,1.0,0.05,eap_frnorm_q1.0_k1.0_v1.0_g1.0_u0.05,2.2079
2026-05-07 12:28:14,gemma2,ioi,0.1,1.0,1.0,1.0,1.0,eap_frnorm_q0.1_k1.0_v1.0_g1.0_u1.0,2.0680
2026-05-07 12:35:27,gemma2,ioi,1.0,0.1,1.0,1.0,1.0,eap_frnorm_q1.0_k0.1_v1.0_g1.0_u1.0,2.1492
2026-05-07 12:42:48,gemma2,ioi,1.0,1.0,0.1,1.0,1.0,eap_frnorm_q1.0_k1.0_v0.1_g1.0_u1.0,0.9795
2026-05-07 12:50:13,gemma2,ioi,1.0,1.0,1.0,0.1,1.0,eap_frnorm_q1.0_k1.0_v1.0_g0.1_u1.0,2.5575
2026-05-07 12:57:53,gemma2,ioi,1.0,1.0,1.0,1.0,0.1,eap_frnorm_q1.0_k1.0_v1.0_g1.0_u0.1,2.2193
2026-05-07 13:05:24,gemma2,ioi,0.2,1.0,1.0,1.0,1.0,eap_frnorm_q0.2_k1.0_v1.0_g1.0_u1.0,1.9961
2026-05-07 13:12:42,gemma2,ioi,1.0,0.2,1.0,1.0,1.0,eap_frnorm_q1.0_k0.2_v1.0_g1.0_u1.0,2.1045
2026-05-07 13:20:05,gemma2,ioi,1.0,1.0,0.2,1.0,1.0,eap_frnorm_q1.0_k1.0_v0.2_g1.0_u1.0,1.0194
2026-05-07 13:27:33,gemma2,ioi,1.0,1.0,1.0,0.2,1.0,eap_frnorm_q1.0_k1.0_v1.0_g0.2_u1.0,2.5374
2026-05-07 13:35:12,gemma2,ioi,1.0,1.0,1.0,1.0,0.2,eap_frnorm_q1.0_k1.0_v1.0_g1.0_u0.2,2.2537
2026-05-07 13:42:35,gemma2,ioi,0.5,1.0,1.0,1.0,1.0,eap_frnorm_q0.5_k1.0_v1.0_g1.0_u1.0,1.9683
2026-05-07 13:49:53,gemma2,ioi,1.0,0.5,1.0,1.0,1.0,eap_frnorm_q1.0_k0.5_v1.0_g1.0_u1.0,2.0382
2026-05-07 13:57:16,gemma2,ioi,1.0,1.0,0.5,1.0,1.0,eap_frnorm_q1.0_k1.0_v0.5_g1.0_u1.0,1.3209
2026-05-07 14:04:39,gemma2,ioi,1.0,1.0,1.0,0.5,1.0,eap_frnorm_q1.0_k1.0_v1.0_g0.5_u1.0,2.4777
2026-05-07 14:12:22,gemma2,ioi,1.0,1.0,1.0,1.0,0.5,eap_frnorm_q1.0_k1.0_v1.0_g1.0_u0.5,2.0787
2026-05-07 14:19:48,gemma2,ioi,1.0,1.0,1.0,1.0,1.0,eap_frnorm_q1.0_k1.0_v1.0_g1.0_u1.0,1.8792
2026-05-07 14:27:13,gemma2,ioi,1.5,1.0,1.0,1.0,1.0,eap_frnorm_q1.5_k1.0_v1.0_g1.0_u1.0,1.6453
2026-05-07 14:34:41,gemma2,ioi,1.0,1.5,1.0,1.0,1.0,eap_frnorm_q1.0_k1.5_v1.0_g1.0_u1.0,1.6215
2026-05-07 14:42:14,gemma2,ioi,1.0,1.0,1.5,1.0,1.0,eap_frnorm_q1.0_k1.0_v1.5_g1.0_u1.0,2.1988
2026-05-07 14:49:41,gemma2,ioi,1.0,1.0,1.0,1.5,1.0,eap_frnorm_q1.0_k1.0_v1.0_g1.5_u1.0,1.4612
2026-05-07 14:57:02,gemma2,ioi,1.0,1.0,1.0,1.0,1.5,eap_frnorm_q1.0_k1.0_v1.0_g1.0_u1.5,1.9706
2026-05-07 15:04:36,gemma2,ioi,3.0,1.0,1.0,1.0,1.0,eap_frnorm_q3.0_k1.0_v1.0_g1.0_u1.0,0.6218
2026-05-07 15:12:06,gemma2,ioi,1.0,3.0,1.0,1.0,1.0,eap_frnorm_q1.0_k3.0_v1.0_g1.0_u1.0,1.1845
2026-05-07 15:19:44,gemma2,ioi,1.0,1.0,3.0,1.0,1.0,eap_frnorm_q1.0_k1.0_v3.0_g1.0_u1.0,1.8290
2026-05-07 15:25:34,gemma2,ioi,1.0,1.0,1.0,3.0,1.0,eap_frnorm_q1.0_k1.0_v1.0_g3.0_u1.0,1.6668
2026-05-07 15:31:40,gemma2,ioi,1.0,1.0,1.0,1.0,3.0,eap_frnorm_q1.0_k1.0_v1.0_g1.0_u3.0,0.8772
2026-05-07 15:55:45,gemma2,mcqa,0.0,1.0,1.0,1.0,1.0,eap_frnorm_q0.0_k1.0_v1.0_g1.0_u1.0,1.8870
2026-05-07 15:59:30,gemma2,mcqa,1.0,0.0,1.0,1.0,1.0,eap_frnorm_q1.0_k0.0_v1.0_g1.0_u1.0,1.6789
2026-05-07 16:03:17,gemma2,mcqa,1.0,1.0,0.0,1.0,1.0,eap_frnorm_q1.0_k1.0_v0.0_g1.0_u1.0,0.8586
2026-05-07 16:07:07,gemma2,mcqa,1.0,1.0,1.0,0.0,1.0,eap_frnorm_q1.0_k1.0_v1.0_g0.0_u1.0,2.2315
2026-05-07 16:10:48,gemma2,mcqa,1.0,1.0,1.0,1.0,0.0,eap_frnorm_q1.0_k1.0_v1.0_g1.0_u0.0,2.0562
2026-05-07 16:14:32,gemma2,mcqa,0.05,1.0,1.0,1.0,1.0,eap_frnorm_q0.05_k1.0_v1.0_g1.0_u1.0,1.8371
2026-05-07 16:18:17,gemma2,mcqa,1.0,0.05,1.0,1.0,1.0,eap_frnorm_q1.0_k0.05_v1.0_g1.0_u1.0,1.6621
2026-05-07 16:22:03,gemma2,mcqa,1.0,1.0,0.05,1.0,1.0,eap_frnorm_q1.0_k1.0_v0.05_g1.0_u1.0,0.9311
2026-05-07 16:25:53,gemma2,mcqa,1.0,1.0,1.0,0.05,1.0,eap_frnorm_q1.0_k1.0_v1.0_g0.05_u1.0,2.2508
2026-05-07 16:29:35,gemma2,mcqa,1.0,1.0,1.0,1.0,0.05,eap_frnorm_q1.0_k1.0_v1.0_g1.0_u0.05,2.0891
2026-05-07 16:33:19,gemma2,mcqa,0.1,1.0,1.0,1.0,1.0,eap_frnorm_q0.1_k1.0_v1.0_g1.0_u1.0,1.8662
2026-05-07 16:37:05,gemma2,mcqa,1.0,0.1,1.0,1.0,1.0,eap_frnorm_q1.0_k0.1_v1.0_g1.0_u1.0,1.6567
2026-05-07 16:40:52,gemma2,mcqa,1.0,1.0,0.1,1.0,1.0,eap_frnorm_q1.0_k1.0_v0.1_g1.0_u1.0,1.0769
2026-05-07 16:44:41,gemma2,mcqa,1.0,1.0,1.0,0.1,1.0,eap_frnorm_q1.0_k1.0_v1.0_g0.1_u1.0,2.2494
2026-05-07 16:48:23,gemma2,mcqa,1.0,1.0,1.0,1.0,0.1,eap_frnorm_q1.0_k1.0_v1.0_g1.0_u0.1,2.0290
2026-05-07 16:52:10,gemma2,mcqa,0.2,1.0,1.0,1.0,1.0,eap_frnorm_q0.2_k1.0_v1.0_g1.0_u1.0,1.8584
2026-05-07 16:55:57,gemma2,mcqa,1.0,0.2,1.0,1.0,1.0,eap_frnorm_q1.0_k0.2_v1.0_g1.0_u1.0,1.7449
2026-05-07 16:59:51,gemma2,mcqa,1.0,1.0,0.2,1.0,1.0,eap_frnorm_q1.0_k1.0_v0.2_g1.0_u1.0,1.2283
2026-05-07 17:03:41,gemma2,mcqa,1.0,1.0,1.0,0.2,1.0,eap_frnorm_q1.0_k1.0_v1.0_g0.2_u1.0,2.2907
2026-05-07 17:07:24,gemma2,mcqa,1.0,1.0,1.0,1.0,0.2,eap_frnorm_q1.0_k1.0_v1.0_g1.0_u0.2,2.0522
2026-05-07 17:11:10,gemma2,mcqa,0.5,1.0,1.0,1.0,1.0,eap_frnorm_q0.5_k1.0_v1.0_g1.0_u1.0,1.7284
2026-05-07 17:14:57,gemma2,mcqa,1.0,0.5,1.0,1.0,1.0,eap_frnorm_q1.0_k0.5_v1.0_g1.0_u1.0,1.6632
2026-05-07 17:18:45,gemma2,mcqa,1.0,1.0,0.5,1.0,1.0,eap_frnorm_q1.0_k1.0_v0.5_g1.0_u1.0,1.1726
2026-05-07 17:22:33,gemma2,mcqa,1.0,1.0,1.0,0.5,1.0,eap_frnorm_q1.0_k1.0_v1.0_g0.5_u1.0,2.1388
2026-05-07 17:26:18,gemma2,mcqa,1.0,1.0,1.0,1.0,0.5,eap_frnorm_q1.0_k1.0_v1.0_g1.0_u0.5,2.1084
2026-05-07 17:30:04,gemma2,mcqa,1.0,1.0,1.0,1.0,1.0,eap_frnorm_q1.0_k1.0_v1.0_g1.0_u1.0,1.1989
2026-05-07 17:33:51,gemma2,mcqa,1.5,1.0,1.0,1.0,1.0,eap_frnorm_q1.5_k1.0_v1.0_g1.0_u1.0,1.0066
2026-05-07 17:37:35,gemma2,mcqa,1.0,1.5,1.0,1.0,1.0,eap_frnorm_q1.0_k1.5_v1.0_g1.0_u1.0,0.8962
2026-05-07 17:41:26,gemma2,mcqa,1.0,1.0,1.5,1.0,1.0,eap_frnorm_q1.0_k1.0_v1.5_g1.0_u1.0,1.2034
2026-05-07 17:46:20,gemma2,mcqa,1.0,1.0,1.0,1.5,1.0,eap_frnorm_q1.0_k1.0_v1.0_g1.5_u1.0,0.7219
2026-05-07 17:50:03,gemma2,mcqa,1.0,1.0,1.0,1.0,1.5,eap_frnorm_q1.0_k1.0_v1.0_g1.0_u1.5,0.6174
2026-05-07 17:53:58,gemma2,mcqa,3.0,1.0,1.0,1.0,1.0,eap_frnorm_q3.0_k1.0_v1.0_g1.0_u1.0,0.8944
2026-05-07 17:57:30,gemma2,mcqa,1.0,3.0,1.0,1.0,1.0,eap_frnorm_q1.0_k3.0_v1.0_g1.0_u1.0,0.8980
2026-05-07 18:00:54,gemma2,mcqa,1.0,1.0,3.0,1.0,1.0,eap_frnorm_q1.0_k1.0_v3.0_g1.0_u1.0,1.0561
2026-05-07 18:03:23,gemma2,mcqa,1.0,1.0,1.0,3.0,1.0,eap_frnorm_q1.0_k1.0_v1.0_g3.0_u1.0,0.4254
2026-05-07 18:05:54,gemma2,mcqa,1.0,1.0,1.0,1.0,3.0,eap_frnorm_q1.0_k1.0_v1.0_g1.0_u3.0,0.4058
